{"cameraMode":{"drawMode":0,"name":"Shaded","section":"Shading Mode"},"sceneLighting":false,"audioPlay":false,"sceneViewState":{"m_AlwaysRefresh":false,"showFog":true,"showSkybox":false,"showFlares":true,"showImageEffects":true,"showParticleSystems":true,"showVisualEffectGraphs":true,"m_FxEnabled":true},"in2DMode":false,"pivot":{"x":27.905000686645509,"y":0.8239887952804565,"z":-1.3899996280670167},"rotation":{"x":0.2154342085123062,"y":0.5197466015815735,"z":-0.13795717060565949,"w":0.8154319524765015},"size":1.2222641706466675,"orthographic":true}