{"cameraMode":{"drawMode":0,"name":"Shaded","section":"Shading Mode"},"sceneLighting":true,"audioPlay":false,"sceneViewState":{"m_AlwaysRefresh":false,"showFog":true,"showSkybox":true,"showFlares":true,"showImageEffects":true,"showParticleSystems":true,"showVisualEffectGraphs":true,"m_FxEnabled":true},"in2DMode":false,"pivot":{"x":2.196547031402588,"y":0.5569126605987549,"z":0.506125807762146},"rotation":{"x":0.09033629298210144,"y":0.06896587461233139,"z":-0.005714423954486847,"w":0.9936347603797913},"size":2.462124824523926,"orthographic":true}