{"cameraMode":{"drawMode":0,"name":"Shaded","section":"Shading Mode"},"sceneLighting":true,"audioPlay":false,"sceneViewState":{"m_AlwaysRefresh":false,"showFog":true,"showSkybox":true,"showFlares":true,"showImageEffects":true,"showParticleSystems":true,"showVisualEffectGraphs":true,"m_FxEnabled":true},"in2DMode":false,"pivot":{"x":-7.885904312133789,"y":3.076040506362915,"z":-8.297745704650879},"rotation":{"x":-0.00028168802964501083,"y":-0.994030773639679,"z":0.1114237904548645,"w":-0.0006210468709468842},"size":6.398759365081787,"orthographic":true}